timestamp,batch_id,t1,t2,q1,t3,q2,t4,t5
2025-06-05T06:07:55.075321,93023679-4c1e-449e-8476-d4ae0a6140b0,1.607604,0.000102,0,0.058493,1,0.000257,1.501874
2025-06-05T06:07:56.712967,68f159d4-7658-4cef-bb8c-e85655283838,1.537234,0.000098,0,0.115310,1,0.000404,1.457218
2025-06-05T06:07:58.292431,689bfa8f-d614-489a-bcb6-8022b79f4f49,1.427868,0.000365,0,0.047406,1,0.000447,1.357764
2025-06-05T06:07:59.970950,acf4279a-6c4e-4118-8da1-1939ecb1fa92,1.594519,0.000066,0,0.044888,1,0.000421,1.429406
2025-06-05T06:08:01.517858,6e3317fb-414e-4791-9aaf-64fb92f86a21,1.472341,0.000074,0,0.098189,1,0.001003,1.333197
2025-06-05T06:08:03.085251,bdb71f56-934b-425e-97da-5670947350c6,1.439729,0.000068,0,0.044889,1,0.000867,1.270700
2025-06-05T06:08:04.686963,be5ab3b2-db3e-4085-ba71-480fbb2a3ae7,1.487853,0.000062,0,0.092788,1,0.000637,1.357493
2025-06-05T06:08:06.206003,d16a5846-0884-4497-914d-7048da086a46,1.401162,0.000132,0,0.080999,1,0.000451,1.372085
2025-06-05T06:08:07.782935,cb998871-4ed4-4760-92aa-56b08d5c77f3,1.452651,0.000109,0,0.044953,1,0.000437,1.343973
2025-06-05T06:08:09.376685,362630f2-b250-4b41-b8f3-ac019866f154,1.509046,0.000064,0,0.043513,1,0.000783,1.372490
2025-06-05T06:08:10.883063,98bdc1fe-6c02-436d-9911-b0810a9f54f3,1.415506,0.003822,0,0.051419,1,0.000444,1.427188
2025-06-05T06:08:12.409013,51bd6707-7c31-4769-950a-e80529856e1c,1.417505,0.000077,0,0.078341,1,0.000327,1.367211
2025-06-05T06:08:13.982225,fe66a4aa-131a-4eae-851e-a12ab5f0daf7,1.458153,0.000064,0,0.054464,1,0.000428,1.369591
2025-06-05T06:08:15.573317,da77f2fc-e2e5-46ef-ac17-ac9756ac28ac,1.491794,0.000083,0,0.044477,1,0.000473,1.362411
2025-06-05T06:08:17.085044,52110f71-f667-4ffe-b9c2-97a87a9a92f6,1.433645,0.001614,0,0.045111,1,0.000437,1.351501
2025-06-05T06:08:18.668658,ce648105-acb6-468e-abc6-e04981739b48,1.505172,0.000198,0,0.044263,1,0.000442,1.350406
2025-06-05T06:08:20.183721,1cda4e18-9cac-4d3f-8996-a8dc4c6f31e8,1.433443,0.000090,0,0.045293,1,0.000463,1.347116
2025-06-05T06:08:21.695942,458cc46a-2d1f-4a08-a8cd-d742ec501382,1.403181,0.000074,0,0.083220,1,0.001788,1.489276
2025-06-05T06:08:23.197891,c8137d85-ea9a-4558-89f4-0425a086e3a4,1.382027,0.004407,0,0.086188,1,0.000435,1.345057
2025-06-05T06:08:24.784306,e3826776-2c10-4340-ad59-3affe4748801,1.439966,0.000308,0,0.054179,1,0.000410,1.345170
2025-06-05T06:08:26.311257,6fe1b40f-4124-4106-a1d6-65a0a2a39462,1.432938,0.000094,0,0.087288,1,0.000452,1.422590
2025-06-05T06:08:27.910190,ff7a3498-9b50-4f80-903f-ee5dc934ac4b,1.476460,0.000101,0,0.059358,1,0.000440,1.343889
2025-06-05T06:08:29.415587,d5f4c6f8-2c5b-4ebd-99ff-42f519daf8fa,1.418156,0.000080,0,0.067828,1,0.003452,1.386316
2025-06-05T06:08:30.985966,983258da-2131-46db-bf3d-76b6ebea7719,1.459782,0.000070,0,0.050433,1,0.000439,1.348141
2025-06-05T06:08:32.505702,8e84cfdf-bd47-4484-9df5-3832907dbbbc,1.421651,0.000072,0,0.078967,1,0.000425,1.364309
2025-06-05T06:08:34.097281,81847299-3833-4129-8416-509f38f6388e,1.479290,0.000290,0,0.072768,1,0.000555,1.310529
2025-06-05T06:08:35.675730,19f36252-5999-429f-866d-8f1848625ca1,1.456161,0.000068,0,0.044636,1,0.000442,1.328762
2025-06-05T06:08:37.187030,2af088e8-f34f-423d-9f4a-1e9108754e7a,1.433486,0.000087,0,0.083439,1,0.000593,1.425817
2025-06-05T06:08:38.793804,1d0b07a5-344e-4f27-b972-b444cf15626a,1.476460,0.000102,0,0.050696,1,0.000437,1.338233
2025-06-05T06:08:40.299028,1c32d9c4-8fcf-4cad-9070-9e5bb0059e6e,1.415477,0.000077,0,0.045512,1,0.000454,1.354568
2025-06-05T06:08:41.801936,8eb01a5d-2057-465f-8738-febb904d8707,1.400294,0.000082,0,0.043264,1,0.000414,1.423024
2025-06-05T06:08:43.378938,a85f7ee6-4f98-4bc5-b9a1-bcf7a83c7070,1.477620,0.000093,0,0.043741,1,0.000444,1.368678
2025-06-05T06:08:44.911236,f82a6d35-bd3f-43b2-989e-d6b85734bddc,1.453809,0.000072,0,0.093011,1,0.000436,1.343149
2025-06-05T06:08:46.409148,b3ff03b1-bd71-4628-88ff-8d2d2ec658fc,1.365716,0.000105,0,0.058227,1,0.000543,1.401902
2025-06-05T06:08:47.914017,bd1b9955-3573-4767-928f-aee6abf0ae9e,1.397775,0.000799,0,0.099809,1,0.000467,1.345854
2025-06-05T06:08:49.423535,169d5b44-c80a-4a61-84a8-fb042f194241,1.369650,0.000067,0,0.095364,1,0.000422,1.341489
2025-06-05T06:08:50.905649,da6f5f65-83a9-4462-8d9a-23ec5c9b5dd0,1.353199,0.000083,0,0.069509,1,0.001363,1.310741
2025-06-05T06:08:52.475039,433b4c81-9841-40bd-9367-13ba4f5e85f2,1.463256,0.000085,0,0.043268,1,0.000423,1.371757
2025-06-05T06:08:54.077277,2882e426-072b-40f7-882c-a8b569373057,1.526726,0.000080,0,0.045980,1,0.000470,1.364525
2025-06-05T06:08:55.679641,9963ed8b-51f0-4d72-880c-f9900f20a7bd,1.491156,0.000073,0,0.044010,1,0.000430,1.384613
2025-06-05T06:08:57.273339,bc34553d-d110-4fae-8eda-94d636ba89b9,1.484039,0.000090,0,0.048597,1,0.000396,1.375014
2025-06-05T06:08:58.806314,f9de5356-852e-4c09-ab8d-212895f7930a,1.452203,0.000074,0,0.069334,1,0.000439,1.388187
2025-06-05T06:09:00.371387,abc7bb5d-c626-4c9f-9245-5896b0e8c121,1.445291,0.000085,0,0.061120,1,0.000469,1.354609
2025-06-05T06:09:01.904887,26ec4344-e359-4007-85dd-dfb2624a475c,1.444781,0.000071,0,0.080241,1,0.000628,1.392258
2025-06-05T06:09:03.499345,9e4bb6b8-ab77-4163-897b-3336ab4ae492,1.476742,0.000074,0,0.073943,1,0.001141,1.418066
2025-06-05T06:09:05.095180,ac57bab1-e1dc-408c-8a6d-11ada0561efd,1.488774,0.000070,0,0.073784,1,0.000518,1.376634
2025-06-05T06:09:06.592075,b035f588-b067-4190-856c-8ed5ecbcc4e6,1.384333,0.000607,0,0.077726,1,0.005594,1.390453
2025-06-05T06:09:08.107696,9483f3bc-c4db-4b45-bc53-7abe301219cc,1.415570,0.000084,0,0.072798,1,0.000405,1.352199
2025-06-05T06:09:09.693215,a3edf726-d97b-4b12-a967-7f5266c09f5e,1.480108,0.000095,0,0.042350,1,0.000401,1.356452
2025-06-05T06:09:11.203961,76fcb213-3ece-4f2a-9960-ac104ff3a88c,1.397561,0.000075,0,0.079433,1,0.000476,1.393573
2025-06-05T06:09:12.772172,3a6f5f92-bd2a-4b60-bc0c-07fc24c9442f,1.457826,0.000078,0,0.056338,1,0.000419,1.372936
2025-06-05T06:09:14.296899,dc37efd2-8125-4272-a15c-b77e0dcff00d,1.437026,0.000092,0,0.073509,1,0.000424,1.415129
2025-06-05T06:09:15.884386,7bb8b071-34e9-4833-883f-cce99a3ada2f,1.478222,0.000074,0,0.045654,1,0.000407,1.357712
2025-06-05T06:09:17.473368,52cae61c-490e-492e-92b0-e1b5bde9061f,1.475806,0.000101,0,0.048392,1,0.000442,1.346526
2025-06-05T06:09:18.972805,efac1607-aa50-4b96-8a81-e1185542e44b,1.424907,0.000097,0,0.062228,1,0.000417,1.354014
2025-06-05T06:09:20.494462,091a3fdf-0370-474f-aeef-7c6b345b78ef,1.432953,0.000082,0,0.045315,1,0.000436,1.321781
2025-06-05T06:09:22.068927,ceffc619-f2ff-4caf-8afa-e5010136b409,1.478544,0.000062,0,0.053373,1,0.000410,1.340057
2025-06-05T06:09:23.582865,40d5428b-7fa2-46df-9c1d-fa5d06bdbbbd,1.435464,0.000104,0,0.044514,1,0.000406,1.442153
2025-06-05T06:09:25.091993,efd3bf55-1bbc-4ff8-a18e-59fdd489d434,1.417616,0.000080,0,0.075502,1,0.000596,1.404518
2025-06-05T06:09:26.585552,30f159f9-1d94-49c0-822d-dc0c996c3393,1.408064,0.000085,0,0.056893,1,0.000417,1.432067
2025-06-05T06:09:28.094149,adc508b2-db1a-477d-9bff-2b96671413b2,1.403556,0.000115,0,0.050979,1,0.000438,1.371109
2025-06-05T06:09:29.612630,88740614-4418-453e-bb4a-1d5b1d349f1e,1.414621,0.000101,0,0.068786,1,0.000353,1.338453
2025-06-05T06:09:31.180217,65eb9993-ec06-4512-81a0-1d1cd167bc67,1.439058,0.000071,0,0.043877,1,0.000439,1.357751
2025-06-05T06:09:32.774284,d3e5af1b-7a41-47b3-986d-e3680ebaeb32,1.519650,0.000072,0,0.045327,1,0.000297,1.359779
2025-06-05T06:09:34.293892,42d26833-9b6a-41ae-8bd2-484c685b3ff8,1.442767,0.000071,0,0.044734,1,0.000642,1.331833
2025-06-05T06:09:35.784274,cf464df7-d63b-47cd-9854-a8ba1e3f0b32,1.382132,0.000105,0,0.050099,1,0.000427,1.340104
2025-06-05T06:09:37.290869,27dd858c-0dff-4fde-9e7f-40056a6594c3,1.400636,0.000064,0,0.085107,1,0.000941,1.335702
2025-06-05T06:09:38.817308,a403def7-482a-492e-9384-26484d153ca8,1.393417,0.000086,0,0.061370,1,0.002932,1.323169
2025-06-05T06:09:40.373017,093d1611-e79b-4815-a2b8-a6cb95442d84,1.453936,0.000071,0,0.044030,1,0.000293,1.353385
2025-06-05T06:09:41.911197,f185b382-14cc-4cb6-b016-0e76b5abbaf9,1.464392,0.000083,0,0.093656,1,0.000527,1.356692
2025-06-05T06:09:43.496279,04390125-ff69-4b94-96aa-21e300f759f6,1.464951,0.000072,0,0.044815,1,0.000401,1.360846
2025-06-05T06:09:45.006658,ea337d9a-5177-4baa-bb2f-6f905fab0256,1.428242,0.000064,0,0.071396,1,0.000592,1.401297
2025-06-05T06:09:46.590290,67f2ee97-e43e-4250-b77c-a91eb1d12523,1.468039,0.000085,0,0.082196,1,0.000499,1.389507
2025-06-05T06:09:48.195332,c6a062f7-60b3-4b71-b2e7-26717e5e5f1d,1.466857,0.000069,0,0.043819,1,0.000309,1.360411
2025-06-05T06:09:49.779086,d6282a17-6a6f-46bc-be04-a8c6f3b88cbb,1.477672,0.000120,0,0.048198,1,0.000408,1.349415
2025-06-05T06:09:51.374057,7a0c245c-9a27-467a-9c16-e7e23fd55fa8,1.482920,0.000057,0,0.049798,1,0.000478,1.326128
2025-06-05T06:09:52.868536,fabc165c-0116-4f13-b7cd-4594809e615d,1.399951,0.000053,0,0.043479,1,0.000418,1.351839
2025-06-05T06:09:54.469185,543b4a91-5cb8-4c89-9511-a2b4ebc67e7b,1.525469,0.000094,0,0.043514,1,0.000425,1.366671
2025-06-05T06:09:55.974303,c1f7d424-9d31-4ea9-9f29-bdda17169869,1.430728,0.000113,0,0.056867,1,0.000437,1.338099
2025-06-05T06:09:57.486296,b5caef0f-41f1-486e-8bd3-3928e4eef822,1.422276,0.000065,0,0.051202,1,0.000430,1.351850
2025-06-05T06:09:59.072615,a4ecabe9-22ea-4614-9c6d-77c927a44f24,1.478414,0.000085,0,0.048281,1,0.000481,1.435269
2025-06-05T06:10:00.600370,7502babe-b02b-4f41-b95c-e233cde9e429,1.453124,0.000133,0,0.072288,1,0.003788,1.408253
2025-06-05T06:10:02.198800,62a1c057-747d-4b11-8431-7fb13b0d566a,1.487074,0.000076,0,0.068317,1,0.000403,1.415021
2025-06-05T06:10:03.789378,91c65a26-def8-4959-8d35-31c7e490baf8,1.491265,0.000074,0,0.043563,1,0.000402,1.380399
2025-06-05T06:10:05.372569,3988f5ad-ff4a-419d-9856-973f200b1cbf,1.473331,0.000060,0,0.046214,1,0.000459,1.374559
2025-06-05T06:10:06.906366,6a434ad9-d184-491a-8160-1b4ba3ebe670,1.459689,0.000097,0,0.063823,1,0.000413,1.405418
2025-06-05T06:10:08.471172,397730e5-1e26-46e7-bb7d-b8b6194991f5,1.463123,0.000063,0,0.043934,1,0.000467,1.348568
2025-06-05T06:10:10.001629,4b49bb74-63ba-4b10-ac01-095a12000399,1.444007,0.000079,0,0.077729,1,0.000346,1.378345
2025-06-05T06:10:11.585383,f09cc1f5-68cc-4cb0-991c-2f364bad072f,1.468484,0.000093,0,0.050267,1,0.000409,1.363673
2025-06-05T06:10:13.179712,0637a03e-5fa8-4f09-8b82-7631d7d0c613,1.481090,0.000070,0,0.046378,1,0.000407,1.443062
2025-06-05T06:10:14.789166,2685cc34-1a9c-4472-8685-ea765ca4261d,1.499490,0.000103,0,0.085883,1,0.001023,1.419542
2025-06-05T06:10:16.380868,9eb1e54f-35cd-4635-a281-5fc89d932291,1.471391,0.000144,0,0.048579,1,0.000647,1.331858
2025-06-05T06:10:17.868456,455a1e9b-8c4f-4b60-91c7-4bce2bd223a1,1.401891,0.000108,0,0.046678,1,0.000404,1.334196
2025-06-05T06:10:19.385744,bfb628fb-c0d2-46f7-9dba-561dfa596e06,1.436307,0.000125,0,0.044801,1,0.000422,1.343966
2025-06-05T06:10:20.893504,893c4257-5c3c-4bab-84c7-71be63a9d3f5,1.390952,0.000075,0,0.043299,1,0.000401,1.336300
2025-06-05T06:10:22.389510,119f309a-f07b-4bf2-ad67-73f6446a451c,1.383000,0.000112,0,0.042812,1,0.000411,1.348313
2025-06-05T06:10:23.884314,070e940f-258b-438a-9a5e-c71d3a05bf16,1.396691,0.000062,0,0.044441,1,0.000419,1.334673
2025-06-05T06:10:25.374437,37f1b82f-6e8e-421c-802a-6288dde36196,1.394299,0.000069,0,0.045466,1,0.000407,1.377006
2025-06-05T06:10:26.885086,1993963e-7573-4454-a453-1c6174e6662b,1.436496,0.000079,0,0.058002,1,0.000448,1.337014
2025-06-05T06:10:28.385594,196ea6ab-2d8d-433a-9bf5-5001de7cc0ed,1.393635,0.000074,0,0.048732,1,0.000539,1.356889
2025-06-05T06:10:29.902490,87b011d7-e998-4439-94fb-79d944813690,1.442126,0.000070,0,0.068486,1,0.001152,1.414932
2025-06-05T06:10:31.414648,2bab76ce-56c9-476a-a60c-83849494d4b9,1.402742,0.000112,0,0.096913,1,0.000369,1.367764
2025-06-05T06:10:33.004066,904d2f21-1ca9-4c24-9cb3-b24a8456a1d0,1.463071,0.000074,0,0.073768,1,0.000707,1.342782
2025-06-05T06:10:34.497850,df76ff1a-14dd-4c5a-917e-c92436113730,1.386495,0.002133,0,0.077707,1,0.000733,1.386691
2025-06-05T06:10:35.995180,4de30b34-623d-4db2-b319-9af0837b886b,1.381364,0.000071,0,0.051747,1,0.001359,1.398977
2025-06-05T06:10:37.578228,ef694b55-95f5-49a2-97f4-ce20e50c3edd,1.479025,0.000099,0,0.044255,1,0.000461,1.341805
2025-06-05T06:10:39.177646,891bb746-317a-4b21-9a90-693e34c53a7d,1.500359,0.000101,0,0.045335,1,0.000439,1.343104
2025-06-05T06:10:40.668112,dd2f5c5b-3021-4dda-9324-eb35fc052291,1.367123,0.000074,0,0.044208,1,0.000414,1.337061
2025-06-05T06:10:42.181755,4737d1fb-2ac8-4c6d-a4fb-3a6df9c5f6be,1.436114,0.000130,0,0.045270,1,0.000415,1.278280
2025-06-05T06:10:43.768676,01441908-3f3c-4c4d-b93c-2c37815ea174,1.482785,0.000064,0,0.046486,1,0.000446,1.271855
2025-06-05T06:10:45.291761,bba0f580-b231-4c21-b372-538da3d47cbf,1.443438,0.000080,0,0.093599,1,0.000435,1.266932
2025-06-05T06:10:46.800833,fbf019ff-0c61-462c-bcb8-65b6afd3da71,1.383627,0.000074,0,0.073573,1,0.001486,1.403834
2025-06-05T06:10:48.308074,52d4503c-9c00-4ffc-979f-67eccb165934,1.403496,0.000133,0,0.087965,1,0.000482,1.326993
2025-06-05T06:10:49.789419,ba23655b-7956-4560-8167-b63ef8b658ab,1.360091,0.000306,0,0.077411,1,0.001091,1.401427
2025-06-05T06:10:51.207092,45d5bb06-7899-4775-be74-e6b8fbe3807f,1.311955,0.000756,0,0.107043,1,0.000411,1.317971
2025-06-05T06:10:52.768451,6e84e69f-5036-4108-9e8a-e64dbffb46c7,1.417865,0.000099,0,0.044773,1,0.000434,1.346263
2025-06-05T06:10:54.294387,7263c3d5-c66c-4c1a-9057-2797536fd861,1.450173,0.000064,0,0.043777,1,0.000397,1.247397
2025-06-05T06:10:55.698937,c198b28c-f15b-416d-b452-0abcbb707fe8,1.303063,0.000106,0,0.073346,1,0.000421,1.299918
2025-06-05T06:10:57.196139,be575b2a-609d-48e7-b645-6cabc581fd77,1.365856,0.000064,0,0.043380,1,0.000410,1.261925
2025-06-05T06:10:58.597770,e3502bd1-25e7-40e5-ab8c-e110de3daa9b,1.295854,0.003436,0,0.076366,1,0.000491,1.404620
2025-06-05T06:11:00.101340,8ed69c3c-385d-44ea-a0c3-cab93228ff98,1.388853,0.000080,0,0.048774,1,0.000465,1.406176
2025-06-05T06:11:01.787642,0c6ccd61-a907-41ae-8e88-fe6fc26364df,1.571870,0.000065,0,0.060548,1,0.000965,1.301575
2025-06-05T06:11:03.391329,4419aa97-6fc8-4a06-b9df-8a7b73f4d720,1.482803,0.000071,0,0.061093,1,0.004175,1.486001
2025-06-05T06:11:03.405582,fe03d979-eb4b-4746-a34e-579161b3890f,1.696474,0.000086,0,0.208431,1,1.051839,1.521861
2025-06-05T06:11:05.115857,c088c39f-9c99-47b5-bbb3-906cb7b85ca9,1.604748,0.000082,0,0.074348,1,1.056028,1.584789
2025-06-05T06:11:05.398560,277a027e-883a-4556-8bce-8a12fb5b5289,1.845591,0.000095,0,0.172085,2,2.356287,1.506761
2025-06-05T06:11:06.733204,41d2ad1d-814b-40d5-a81b-d883a3e7ecfa,1.482399,0.000083,0,0.138231,2,2.544923,1.567471
2025-06-05T06:11:07.219939,29d44711-4cce-48f5-8972-9fa94ceff59c,1.665082,0.000076,0,0.088163,3,3.717229,1.593711
2025-06-05T06:11:08.502156,685f6315-8994-4251-ae44-07ce5b99fb37,1.583836,0.002352,0,0.064178,3,4.036493,1.405272
2025-06-05T06:11:08.916120,22e0096d-0aef-4f1e-b07a-7ae65e2056b1,1.553494,0.000092,0,0.085490,4,4.974615,1.491326
2025-06-05T06:11:10.110105,1f3da1d3-4910-4624-881e-b888b5bf8e5a,1.472723,0.000082,0,0.158241,4,5.324157,1.497846
2025-06-05T06:11:10.643890,fd0c9910-695d-43d4-bb6d-0394b30094cd,1.582624,0.000077,0,0.124807,5,6.236730,1.536857
2025-06-05T06:11:11.815875,cff72c13-d82c-4a18-9b94-75716066f300,1.542048,0.000267,0,0.046728,5,6.717375,1.607838
2025-06-05T06:11:12.424474,9ddbcbf8-223e-40db-9d1b-98379de89610,1.658144,0.000072,0,0.052669,6,7.692340,1.588490
2025-06-05T06:11:13.481359,64d0a045-5e48-4163-a6f6-1c5743314a11,1.529284,0.002461,0,0.084158,6,8.014838,1.471831
2025-06-05T06:11:14.104478,9d7aeb8c-2e7d-48cd-b9cf-eed703ceb125,1.553758,0.000093,0,0.076150,6,8.990082,1.526416
2025-06-05T06:11:15.095301,47466168-999b-452e-aef8-bae7fe273d19,1.451876,0.000128,0,0.073401,7,9.479946,1.507846
2025-06-05T06:11:15.837207,6be27122-9d1e-47de-ba28-5fd3e044ea40,1.583875,0.000076,0,0.094981,7,10.293009,1.491756
2025-06-05T06:11:16.677402,24ab1d4a-59ce-4628-805f-5683c79c4e29,1.437196,0.002530,0,0.073479,8,10.986542,1.490253
2025-06-05T06:11:17.604324,defa503b-296c-4429-9b77-cc2650746ab4,1.615375,0.002422,0,0.060506,8,11.583961,1.532092
2025-06-05T06:11:18.330785,ba6ab7ba-bf07-4e84-93bb-ff648ad3f586,1.500667,0.000067,0,0.083740,9,12.376482,1.550286
2025-06-05T06:11:19.318150,50defd43-170f-4496-842f-16283c2a620c,1.581897,0.000210,0,0.050210,9,13.027953,1.513596
2025-06-05T06:11:19.925005,97b3dee6-617b-4be3-b61b-fd680f5a6ae4,1.472167,0.000075,0,0.053490,10,13.871905,1.521105
2025-06-05T06:11:21.015816,356cf5b6-4af7-4101-aa43-845c4e1db9e4,1.568676,0.002175,0,0.098322,10,14.134713,1.501463
2025-06-05T06:11:21.617040,1d5343f6-987f-4333-b50d-baf474011ca4,1.568182,0.000123,0,0.045378,11,15.274154,1.528625
2025-06-05T06:11:22.786785,f9ba822b-3915-43b8-889d-2760b01a2f16,1.593048,0.001010,0,0.080150,11,15.472978,1.415320
2025-06-05T06:11:23.327380,59b63d9a-a045-4ea2-b1c2-fe7d040af287,1.583467,0.000074,0,0.114650,11,16.433539,1.564197
2025-06-05T06:11:24.344741,13512c0b-788c-4c74-8774-4d77d66bee23,1.406715,0.000119,0,0.124101,12,16.910846,1.545901
2025-06-05T06:11:24.913423,9482fc38-a0dc-4ac3-bdbb-cb48a050961a,1.409632,0.000293,0,0.079917,12,17.976683,1.563977
2025-06-05T06:11:25.924290,a934f051-2b2d-4614-980b-e8ae9e80d460,1.384672,0.000105,0,0.052294,13,18.550011,1.538370
2025-06-05T06:11:26.521152,49dbc007-af70-4f60-9b56-d22cb467c9c7,1.455401,0.001198,0,0.084422,13,19.388858,1.473879
2025-06-05T06:11:27.503123,db0dcdf9-4aa8-4b7a-8956-f7b1f2f59f91,1.452252,0.001548,0,0.063251,14,19.976037,1.587929
2025-06-05T06:11:28.134887,ce62a38a-c72b-4cd4-9ea4-83425e61165d,1.471660,0.000100,0,0.118291,14,20.883314,1.553459
2025-06-05T06:11:29.031649,60d43c25-7c2a-4f0c-8eed-2f33d5d26adb,1.392405,0.000070,0,0.061220,15,21.646272,1.434944
2025-06-05T06:11:29.726394,f7450383-d04b-45a3-97d0-18444dbc41fe,1.390372,0.000083,0,0.088399,15,22.378432,1.608608
2025-06-05T06:11:30.632119,593c2e12-21e4-4a5c-8ff1-94fc095545a8,1.473830,0.000093,0,0.072699,16,23.089446,1.598267
2025-06-05T06:11:31.428720,678d7274-19cc-437d-b498-1c9b6d48dafb,1.567063,0.000129,0,0.093376,16,23.860899,1.580619
2025-06-05T06:11:32.300635,91993f65-883b-456d-9917-b3f5d60bd1cb,1.542049,0.000099,0,0.068130,17,24.644251,1.529820
2025-06-05T06:11:33.002454,fce2dd1d-f444-49e9-8169-b83e95e50174,1.442281,0.000100,0,0.081314,17,25.425797,1.525067
2025-06-05T06:11:34.727918,87c1c110-78ab-4cb0-b7a8-002b9a66788e,1.581448,0.000452,0,0.127853,17,24.998450,1.550143
2025-06-05T06:11:36.545638,d9e14c2f-12ef-4f7a-a438-7f8f1422c2e4,1.600473,0.000071,0,0.122112,17,24.869152,1.514644
2025-06-05T06:11:38.304098,bbd769be-54ad-412c-b093-ad4794c99ced,1.556562,0.000120,0,0.092169,16,24.592488,1.563241
2025-06-05T06:11:40.023592,fb25a1c6-aa41-4b74-b3bf-508bb4291d1b,1.533189,0.000083,0,0.110490,16,24.290081,1.508617
2025-06-05T06:11:41.799178,06cc5970-ab1c-4797-882d-630a7951c7d5,1.557576,0.000135,0,0.071374,16,24.163763,1.506351
2025-06-05T06:11:43.542815,c92e21f1-d560-4109-83f0-cd7a5abfbe5a,1.577239,0.000107,0,0.113677,16,23.974501,1.515527
2025-06-05T06:11:45.312912,e0153090-95f1-44be-ad07-a48bf1c5fd95,1.562179,0.001259,0,0.076557,16,23.708530,1.539984
2025-06-05T06:11:46.934159,8bc4f34f-a153-4164-a9b0-c98272165c87,1.418916,0.000732,0,0.106219,16,23.570109,1.547334
2025-06-05T06:11:48.728603,f9b02f94-acb8-4042-bc8f-938bc68364ca,1.553214,0.000257,0,0.084642,16,23.374048,1.538893
2025-06-05T06:11:50.452619,bcab9faf-7e56-429a-9daf-b64d1d41ccc7,1.521956,0.000093,0,0.110589,16,23.232789,1.439796
2025-06-05T06:11:52.246981,b925c840-a222-4ceb-8231-7e196189b396,1.587827,0.000241,0,0.090279,15,22.855969,1.525283
2025-06-05T06:11:53.916520,3ddc4dc8-e367-4b4b-b230-7f6b47570dc5,1.464428,0.000162,0,0.118368,15,22.708319,1.516526
2025-06-05T06:11:55.725795,95e4498d-1b33-423b-b3ad-f26c5097963a,1.592649,0.000142,0,0.091846,15,22.388688,1.487868
2025-06-05T06:11:57.531179,f857288e-1e0d-46b1-859b-952ea692f811,1.593158,0.000178,0,0.077878,15,22.103212,1.449857
2025-06-05T06:11:59.321780,19208c30-265b-4197-9b33-c0291e13d165,1.580899,0.000971,0,0.091423,15,21.773379,1.528036
2025-06-05T06:12:01.049560,26aad221-e31a-422e-878e-98c9baebf50e,1.500765,0.000120,0,0.076889,15,21.533521,1.536037
2025-06-05T06:12:02.829397,3f1a7ebc-1610-4bad-acd6-e5007dfada0d,1.580719,0.000079,0,0.107519,15,21.369435,1.534368
2025-06-05T06:12:04.632052,4e616369-ec3c-4db0-be93-a8efd0c4326b,1.595925,0.000080,0,0.071593,14,21.050672,1.512629
2025-06-05T06:12:06.280425,c6d03a78-5f8a-4592-b2ce-1a06c7ef5d88,1.459662,0.000070,0,0.126688,14,20.830640,1.517606
2025-06-05T06:12:08.137767,5810dc6f-6d43-4464-b66f-16a5986fea19,1.620476,0.000082,0,0.101694,14,20.538213,1.534179
2025-06-05T06:12:09.946783,c1a4ab04-38d6-4dde-a0c8-0272db7c5d77,1.590029,0.000071,0,0.098216,14,20.413280,1.554283
2025-06-05T06:12:11.787775,eb37772c-be58-437f-aa05-8d01f94a62ed,1.651741,0.001806,0,0.080668,14,19.947213,1.458545
2025-06-05T06:12:13.606583,610067f6-968c-450a-8cc6-54e3a2ca0ade,1.641022,0.000081,0,0.081105,14,19.780300,1.476448
2025-06-05T06:12:15.389404,a2461d3e-44c1-4890-be49-18217f9cc940,1.603652,0.000108,0,0.096640,13,19.408938,1.551569
2025-06-05T06:12:17.224093,63257d5f-7e2b-4ff7-9850-562664e804c7,1.637900,0.000083,0,0.100890,13,18.951723,1.459526
2025-06-05T06:12:18.979235,914f966a-44a7-401e-b48a-f945bae99ce4,1.546493,0.000481,0,0.098331,13,18.892343,1.502471
2025-06-05T06:12:20.716773,5bd8ac89-795c-4025-bcda-7b2419ad7145,1.547218,0.000342,0,0.091068,13,18.398274,1.530032
2025-06-05T06:12:22.514812,e4b2b9fd-2d54-4b0d-9aa7-622a1d0eb9b6,1.596411,0.000103,0,0.067813,13,18.252334,1.530184
2025-06-05T06:12:24.296791,e167c248-938f-4a4d-80c5-4343c65066ff,1.627990,0.001854,0,0.095328,12,18.058443,1.423194
2025-06-05T06:12:26.113972,4c296689-2534-4117-b75f-b3d17d2016bb,1.609915,0.000345,0,0.090713,12,17.617255,1.528879
2025-06-05T06:12:27.906200,29757ff2-bdb7-4298-806c-b7870f795306,1.558964,0.000145,0,0.084142,12,17.448707,1.544937
2025-06-05T06:12:29.703404,dffc8e10-3992-4e1e-9cb2-79399b4a99e5,1.627515,0.000464,0,0.076322,12,17.250000,1.541465
2025-06-05T06:12:31.513129,572eafc8-3a87-4cd9-8adf-31e260e64cc6,1.639000,0.000141,0,0.087401,12,16.842436,1.540784
2025-06-05T06:12:33.308445,32c7aa51-1345-4c1e-b841-15e1c47444b7,1.628639,0.000409,0,0.075451,11,16.654190,1.525250
2025-06-05T06:12:35.088992,801e1bd8-fc8e-4f9a-87f8-6c15710d791e,1.594023,0.000124,0,0.086975,11,16.276995,1.522225
2025-06-05T06:12:36.984929,51d12b48-7d9e-41b1-b31a-fc66bbf48445,1.714658,0.000163,0,0.081197,11,15.948908,1.467648
2025-06-05T06:12:38.804611,2301cac0-b5ee-4357-9663-4698e9e10892,1.640681,0.000093,0,0.075225,11,15.595011,1.580153
2025-06-05T06:12:40.699938,2c8b6a6c-d4d9-4881-84be-0429c83ee1f8,1.704422,0.002878,0,0.065610,11,15.267816,1.549371
2025-06-05T06:12:42.427103,a2d64b4a-b294-4c3e-ad9b-abda5b0af56a,1.590267,0.000320,0,0.080892,10,15.208555,1.521624
2025-06-05T06:12:44.218630,b0f64ed3-4d00-48c7-8b6c-d67d15ba132a,1.594868,0.000212,0,0.105240,10,14.674733,1.594925
2025-06-05T06:12:46.039732,c7b8110c-1197-4fa4-917b-912e1f327066,1.603931,0.000080,0,0.082864,10,14.473985,1.529416
2025-06-05T06:12:47.810187,8eb0cc9a-b87d-4a6f-a2ee-4182b7201dd3,1.584589,0.007191,0,0.072216,10,14.364522,1.641067
2025-06-05T06:12:49.510045,d87989b3-6e87-43b7-a1e0-288af570edb8,1.530535,0.001123,0,0.097173,10,14.294683,1.453038
2025-06-05T06:12:51.253563,8f5f3780-433b-4868-bf2e-bc7e5277fa86,1.579213,0.000085,0,0.097443,10,14.137105,1.584415
2025-06-05T06:12:52.938265,938f99e4-7df1-4524-8f8c-39a03fc39a0e,1.492064,0.000584,0,0.123638,10,14.043503,1.550112
2025-06-05T06:12:54.797258,00312e43-2a8d-4540-aa80-2fa46faa5849,1.639481,0.001174,0,0.116237,9,13.545888,1.541447
2025-06-05T06:12:56.712182,c1fe97fe-32ed-4dbe-9e41-06f03f1add42,1.712693,0.000080,0,0.079763,9,13.340813,1.532861
2025-06-05T06:12:58.428982,89f4e16a-3586-48d8-872e-a79b46772154,1.524405,0.000067,0,0.091013,9,13.213711,1.596659
2025-06-05T06:13:00.234587,2d38e981-fba8-4164-a7fe-c034e303136a,1.603683,0.000128,0,0.137090,9,12.686987,1.593600
2025-06-05T06:13:02.050976,a857e395-92ed-4194-9ee5-f7985d9b4b68,1.652509,0.000541,0,0.116014,9,12.738725,1.431139
2025-06-05T06:13:03.836751,5ea4a4f4-7d9a-4f74-a40f-03b7bc7b944f,1.591382,0.000078,0,0.088155,9,12.425776,1.591129
2025-06-05T06:13:05.623767,36ace437-007b-4e91-a91c-8fb7f2762e59,1.596022,0.000071,0,0.082831,8,12.127000,1.536468
2025-06-05T06:13:07.381520,d30d381b-0c5f-4cfe-8275-ce4d97fe9fa5,1.600795,0.000369,0,0.105191,8,11.919286,1.583359
2025-06-05T06:13:09.236400,5d551744-1e30-407d-9d44-c7329b5f13b2,1.673522,0.000091,0,0.137788,8,11.692252,1.559341
2025-06-05T06:13:11.027856,92d7d92e-744f-4ec3-a620-61a586885f11,1.591532,0.000102,0,0.080030,8,11.413337,1.544554
2025-06-05T06:13:12.805857,9e3fbcc7-8cdd-444f-aea6-8b08670e99ff,1.606083,0.002575,0,0.166693,8,11.016528,1.486193
2025-06-05T06:13:14.642985,c3b42103-7738-4830-b60a-b7f2bb6b5b0b,1.648611,0.000088,0,0.112683,8,10.849441,1.478513
2025-06-05T06:13:16.499528,5c5c980c-c429-46ea-b4f8-669704f2c72c,1.660329,0.001917,0,0.095842,7,10.288662,1.526145
2025-06-05T06:13:18.315805,6bd25935-661d-41cf-aff0-c382acf67e56,1.638394,0.000160,0,0.151857,7,10.017789,1.540817
2025-06-05T06:13:20.109065,10fcce28-6979-4303-8814-9b0d4bdc189b,1.586267,0.000164,0,0.089374,7,10.007972,1.496893
2025-06-05T06:13:21.839362,750c6264-5353-4d70-a879-ea27eb4cdf25,1.559323,0.000101,0,0.076435,7,9.737667,1.567702
2025-06-05T06:13:23.712259,1c2f72d5-3ef9-4ed0-9c50-1de125883dc7,1.659495,0.001246,0,0.077982,7,9.426253,1.582761
2025-06-05T06:13:25.526813,5ef05d3a-752a-4e10-b6b0-05df66f96802,1.632616,0.000101,0,0.081076,7,9.260360,1.564325
2025-06-05T06:13:27.352190,3afeb6e8-cdeb-4b21-a994-12541c0b8277,1.609835,0.000467,0,0.102355,6,8.624296,1.534178
2025-06-05T06:13:29.120035,10666838-58f8-46d9-b0e9-ed4eb03fcd9c,1.575523,0.000190,0,0.107110,6,8.563450,1.493591
2025-06-05T06:13:30.832500,7ca944c2-5e1d-4f20-b5ab-bb51e3ea9af6,1.533342,0.000113,0,0.133301,6,8.451179,1.600454
2025-06-05T06:13:32.575319,9cd2f407-f2cc-4e77-829e-4f592d9af73d,1.547458,0.002257,0,0.089469,6,8.324862,1.562579
2025-06-05T06:13:34.383688,d7ec2917-fad7-4b61-8f8a-0858da9d3ac8,1.631137,0.000085,0,0.084166,6,8.018990,1.563571
2025-06-05T06:13:36.182533,df0724ad-5f59-4f06-9af7-ea93f0d3f2ea,1.599520,0.000222,0,0.092625,6,7.838526,1.531948
2025-06-05T06:13:37.935512,5de2ce1a-61a9-4c52-bca8-75af9595e27d,1.570274,0.000081,0,0.062411,5,7.421767,1.525631
2025-06-05T06:13:39.708056,acc2117a-89b6-4811-9a53-dea5e4dab143,1.597629,0.002202,0,0.099921,5,7.212956,1.473938
2025-06-05T06:13:41.594176,8ce6b41e-dd31-4ed7-abf9-29b2a1e58b95,1.694343,0.000313,0,0.088392,5,6.974959,1.530327
2025-06-05T06:13:43.389096,e01c0301-f31d-4d10-987b-fcaab6bb9978,1.618908,0.001411,0,0.093677,5,6.536375,1.512851
2025-06-05T06:13:45.199306,a97c1423-2ad9-48e5-a656-8a065b80a451,1.638916,0.004936,0,0.073347,5,6.344198,1.626440
2025-06-05T06:13:46.999617,b36af964-32ca-4a91-b6e4-c5f2ab37d38e,1.603471,0.000102,0,0.085767,4,6.097866,1.552892
2025-06-05T06:13:48.780108,18d6c00d-542c-4dc4-844b-9417f9d090b2,1.599879,0.000084,0,0.108115,4,5.681941,1.514470
2025-06-05T06:13:50.603194,1d3081e3-01b7-4644-9d86-96adbd82d4d4,1.648843,0.000078,0,0.194314,4,5.269671,1.517753
2025-06-05T06:13:52.358119,1fa235bc-740c-4c57-b339-b578dbe9f9a9,1.565301,0.000070,0,0.114115,4,5.263203,1.511336
2025-06-05T06:13:54.195976,141b869f-a653-4d62-bc1c-66fe10ca57c1,1.587344,0.000967,0,0.069382,4,5.087878,1.537073
2025-06-05T06:13:56.098436,f3747b91-440f-40b1-b575-0f4840916613,1.735701,0.000955,0,0.185945,3,4.493067,1.562344
2025-06-05T06:13:57.867786,7c81f354-10aa-413c-b0a2-70b882370b1c,1.596061,0.000157,0,0.144678,3,4.369517,1.600440
2025-06-05T06:13:59.686465,53661648-b4f1-4afa-a02c-0ce6063c09d7,1.617161,0.002878,0,0.143130,3,4.157754,1.569461
2025-06-05T06:14:01.420271,29e3a6d3-9516-4f71-9c2a-45bf20217cbe,1.544572,0.000497,0,0.288534,3,3.555469,1.488543
2025-06-05T06:14:03.236782,75681f17-ba21-4694-9a87-d51898a96025,1.635717,0.000093,0,0.091406,3,3.817477,1.476238
2025-06-05T06:14:05.108742,2df99458-6b5f-4e14-a035-a1c917b63683,1.681369,0.000305,0,0.097818,3,3.390515,1.529340
2025-06-05T06:14:06.944178,510328e3-0821-4db5-b655-1a253b8045e6,1.621085,0.000546,0,0.126509,3,3.152156,1.541152
2025-06-05T06:14:08.804017,a7d227b2-f171-485d-9b47-4371618453ae,1.671377,0.001674,0,0.111311,2,2.454041,1.548511
2025-06-05T06:14:10.590035,87d85519-60ce-47ae-ae0c-2d248e6ea971,1.627958,0.000698,0,0.091328,2,2.523772,1.499413
2025-06-05T06:14:12.398268,df67b95c-17b0-421e-942f-8adde137efdd,1.641944,0.002038,0,0.075551,2,2.355109,1.581853
2025-06-05T06:14:14.139960,98288342-8cb2-40ab-b001-4d3138757a69,1.579029,0.027100,0,0.102064,2,2.128554,1.588411
2025-06-05T06:14:16.014649,9ce2dfb5-4071-444b-a1f9-643b27b4c97d,1.657274,0.002588,0,0.081906,2,1.705698,1.401211
2025-06-05T06:14:17.835399,42a50183-2d7f-4d91-aa91-fb3c6310e726,1.616534,0.002098,0,0.090607,1,1.323499,1.598577
2025-06-05T06:14:19.611225,6af64716-b4e9-4272-920d-6698cf974bc8,1.549085,0.000108,0,0.091163,1,1.093852,1.517391
2025-06-05T06:14:21.415246,a59b8950-96fd-434f-9dc8-eb4a57f0206a,1.572493,0.000079,0,0.163672,1,0.888830,1.552442
2025-06-05T06:14:23.315217,fda9eb8d-0d0b-4d4d-9d03-6083d5ad882b,1.722290,0.000138,0,0.159937,1,0.275731,1.493363
2025-06-05T06:14:25.210350,cb198dc4-dada-43be-ac9a-4bba4a119f39,1.690658,0.000307,0,0.091388,1,0.104211,1.524415
2025-06-05T06:14:27.080432,bbe4d37f-d6df-4a9e-8c76-398919a94c57,1.709644,0.000130,0,0.087385,1,0.001322,1.406926
2025-06-05T06:14:28.899849,0a6330d4-7d28-437d-bbf6-8125ac378a13,1.640453,0.000243,0,0.113004,1,0.000811,1.441759
2025-06-05T06:14:30.702081,814682cd-524e-4063-9645-00fc748c3b98,1.619652,0.000091,0,0.095631,1,0.001826,1.396111
2025-06-05T06:14:32.407976,a371a4c3-1dfc-4430-bdc6-fc83f33a8219,1.553414,0.000618,0,0.107988,1,0.000659,1.410936
2025-06-05T06:14:34.127200,88bcc821-26c7-4331-94f4-25a9eee1ed17,1.511406,0.000112,0,0.077698,1,0.001418,1.537148
2025-06-05T06:14:35.842265,c08cf8fd-a7db-4be0-af0d-696090d4e94c,1.515182,0.000076,0,0.096022,1,0.001091,1.484145
2025-06-05T06:14:37.632303,5024788b-c04a-4fba-83cf-caea16f68c40,1.572463,0.000064,0,0.075926,1,0.000828,1.465547
2025-06-05T06:14:39.245169,7a7182a3-4bf6-4952-8ee5-65f680ad4d9b,1.473629,0.000468,0,0.104671,1,0.000293,1.416037
2025-06-05T06:14:40.932099,18fc37e5-fbda-49df-8c99-c2b289495259,1.485759,0.000283,0,0.101154,1,0.000457,1.423847
2025-06-05T06:14:42.628278,8c807370-201d-408b-987a-1b56aff40ccf,1.554469,0.000098,0,0.099737,1,0.002542,1.552288
2025-06-05T06:14:44.324352,559ee352-e16f-4ffe-a25d-013db3108d2c,1.517324,0.000235,0,0.067792,1,0.000444,1.509466
2025-06-05T06:14:46.201705,40c84267-dd02-4adf-a401-cae7b05c686f,1.658357,0.005140,0,0.056379,1,0.001854,1.458678
2025-06-05T06:14:47.804149,08419868-6026-455d-a722-81ba1aa6855f,1.462871,0.001024,0,0.109029,1,0.000409,1.457180
2025-06-05T06:14:49.617865,738f8b77-15e2-48d4-94dc-f8f27d2f23dc,1.594377,0.000208,0,0.069750,1,0.000470,1.387608
2025-06-05T06:14:51.427696,34f3a5a6-4bbb-4ed2-bff9-f88641902936,1.668428,0.000104,0,0.092396,1,0.001153,1.450456
2025-06-05T06:14:53.328660,83c0561d-579f-43fe-acfc-8a27c3bf859b,1.763690,0.000095,0,0.067228,1,0.000567,1.432964
2025-06-05T06:14:55.195008,b52e42fd-933a-4d55-8b3e-5794fdce885a,1.735057,0.000311,0,0.061619,1,0.000489,1.437729
2025-06-05T06:14:56.921667,278c36ce-3df6-4437-949b-f478df6c2417,1.590786,0.000119,0,0.060250,1,0.000288,1.483441
2025-06-05T06:14:58.594555,f02230e3-1838-4a0e-973e-d10687da2860,1.545772,0.000105,0,0.089409,1,0.000292,1.424331
2025-06-05T06:15:00.338185,12ae5cb7-5624-4ffa-b268-4f3d3745be24,1.582846,0.000077,0,0.074370,1,0.000427,1.526084
2025-06-05T06:15:02.132906,4df01218-5d0f-41c5-ab3b-5970339cd5a6,1.670397,0.000317,0,0.108148,1,0.000408,1.567524
2025-06-05T06:15:03.905433,02f7df0c-1770-4d4f-9c25-ed39838a9d2e,1.622267,0.000345,0,0.110790,1,0.000425,1.474089
2025-06-05T06:15:05.642245,e7a61ca4-1b55-4ccb-89eb-9402fa95390b,1.564672,0.000144,0,0.105580,1,0.001352,1.398551
2025-06-05T06:15:07.403234,60a584b3-d563-49cd-b90b-bf776b271c63,1.570414,0.000756,0,0.061060,1,0.000448,1.480772
2025-06-05T06:15:09.115810,c2856aae-a1a8-4612-9491-28af2a474b46,1.574728,0.000211,0,0.091195,1,0.000347,1.496186
2025-06-05T06:15:10.819430,b3414d1d-779f-4fbb-b85b-6aebcfc4f913,1.569567,0.004731,0,0.091182,1,0.000599,1.423284
2025-06-05T06:15:12.644321,d6a3bb96-bbc3-4a62-a386-bee529e3acda,1.615926,0.000120,0,0.104140,1,0.001104,1.500909
2025-06-05T06:15:14.416483,d2522bd1-0df4-4292-ade9-c6537025a921,1.611830,0.000815,0,0.055808,1,0.000401,1.558908
2025-06-05T06:15:16.149717,da4158fc-ef49-40ca-b8f1-b61753d7581b,1.600441,0.000116,0,0.088107,1,0.000439,1.521685
2025-06-05T06:15:17.818434,782fb452-899c-4634-b104-55bb3dd53458,1.527610,0.000120,0,0.165314,1,0.000774,1.452920
2025-06-05T06:15:19.617738,91dd5f02-e806-4f76-a5c6-8b36759a3e9d,1.585396,0.001065,0,0.080661,1,0.000504,1.449000
2025-06-05T06:15:21.431298,19b37880-72e5-49e0-aef0-7bc919c10ecc,1.674528,0.000238,0,0.094159,1,0.001288,1.447078
2025-06-05T06:15:23.237050,1bdde2a6-2ac5-4da7-b348-05946d841018,1.671936,0.002397,0,0.080251,1,0.001540,1.485662
2025-06-05T06:15:25.088636,728c64e7-a67d-4f84-9f4f-ef942fdf8ba3,1.718137,0.000241,0,0.072768,1,0.000564,1.403605
2025-06-05T06:15:26.826710,821788a0-ea97-4ff7-b28f-055f66da7526,1.588668,0.000160,0,0.063311,1,0.000341,1.410486
2025-06-05T06:15:28.514340,5a88327d-bec5-418d-91bc-ac1b68d6779f,1.551688,0.000100,0,0.171551,1,0.000531,1.419109
2025-06-05T06:15:30.419491,3e9036c9-aa94-424d-8cf8-68d6d6bf5c33,1.753073,0.000164,0,0.063994,1,0.000421,1.505969
2025-06-05T06:15:32.217855,4155cd3d-f158-4c60-a7ed-e33f78d106ea,1.666747,0.000107,0,0.099710,1,0.001250,1.466913
2025-06-05T06:15:34.015204,23487c11-8e63-43ef-bc94-4a8386b40859,1.630381,0.000165,0,0.076753,1,0.000671,1.479563
2025-06-05T06:15:35.723045,bde9b247-c1e2-48ba-8999-d30dc0d00ba9,1.572678,0.000200,0,0.088198,1,0.000355,1.482844
2025-06-05T06:15:37.390567,80453e33-f6c4-437b-849b-9244bcfd1c99,1.529126,0.000081,0,0.108789,1,0.000730,1.468867
2025-06-05T06:15:39.149701,4373bed6-2df1-48e6-ab32-f90038de1b4e,1.571180,0.000412,0,0.088623,1,0.000412,1.459080
2025-06-05T06:15:40.779160,277839fc-c468-4050-a705-510d8079c919,1.478421,0.001164,0,0.105611,1,0.002639,1.499991
2025-06-05T06:15:42.545089,5ae87bad-654b-4a49-b14f-200a6f024d28,1.598818,0.000114,0,0.074632,1,0.000245,1.407048
2025-06-05T06:15:44.417060,26800879-bf02-4051-b063-fa9565a9af34,1.714007,0.000594,0,0.067884,1,0.001217,1.474657
2025-06-05T06:15:46.184172,d2b78f2c-9e38-40a6-bbcb-97c1c45d9145,1.624316,0.000086,0,0.069870,1,0.000285,1.412589
2025-06-05T06:15:48.016918,e39112f8-2244-4ec4-ae3e-2313a77fc03f,1.685964,0.000146,0,0.071740,1,0.001539,1.473694
2025-06-05T06:15:49.815266,40e9dbfb-a36b-468d-9618-e662174e8c2f,1.660485,0.000107,0,0.065840,1,0.000654,1.407014
2025-06-05T06:15:51.580188,0b3d89e8-00b9-40ae-835e-99980c03d9d2,1.631448,0.000063,0,0.067793,1,0.000623,1.433178
2025-06-05T06:15:53.220732,66eebb8e-233e-4733-902d-11927b630b84,1.476726,0.000463,0,0.092928,1,0.000445,1.491876
2025-06-05T06:15:55.023091,2849d060-394b-4ece-8c42-e45c7a4c232b,1.662833,0.000461,0,0.080157,1,0.001034,1.509477
2025-06-05T06:15:56.741519,ccac032d-74ce-47f5-a8cb-d8fb87a00181,1.584906,0.000077,0,0.092999,1,0.000420,1.509229
2025-06-05T06:15:58.427406,bf2f153c-0da8-4c4b-830a-892aafa34b48,1.481460,0.000968,0,0.129513,1,0.001431,1.536572
2025-06-05T06:16:00.319512,9231f017-b5b0-4f77-bf84-d719c821641d,1.668145,0.000072,0,0.055228,1,0.000460,1.551353
2025-06-05T06:16:02.202408,5251ed90-f58c-4652-a493-9d4cbb52d17a,1.754523,0.000307,0,0.056597,1,0.000688,1.490369
2025-06-05T06:16:03.972581,73884002-1bd4-475b-96a4-266d0537f6d5,1.635306,0.000124,0,0.080136,1,0.000534,1.417231
2025-06-05T06:16:05.801458,838de213-0a3f-4a17-9b30-90b2aa6f87bd,1.674199,0.000108,0,0.073186,1,0.000969,1.469670
2025-06-05T06:16:07.610631,5dec53dd-72b5-4427-9b7f-a0e5f424aa44,1.665021,0.001719,0,0.055630,1,0.000456,1.425731
2025-06-05T06:16:09.386212,abd7a989-c646-4505-b5ca-a22061a6d711,1.645538,0.000460,0,0.065108,1,0.001095,1.400219
2025-06-05T06:16:11.118587,da662fca-91f9-4598-b31c-0fc1765ecb35,1.608309,0.000870,0,0.061138,1,0.001460,1.397125
2025-06-05T06:16:12.989151,a65ad608-2e84-415e-af15-fe6935a1c396,1.724245,0.000079,0,0.109301,1,0.000729,1.515554
2025-06-05T06:16:14.780475,585954b9-30b5-4719-8a5f-3cb80df58d7c,1.642811,0.000105,0,0.116965,1,0.000945,1.519371
2025-06-05T06:16:16.690980,5b1c0689-7813-4f7b-a4f6-2a6e6f8b9696,1.739783,0.000089,0,0.117756,1,0.000970,1.653651
2025-06-05T06:16:18.511288,f6005e3b-14b9-4b3d-a63d-09432aa8a1d1,1.639795,0.001434,0,0.075705,1,0.002301,1.419342
2025-06-05T06:16:20.316000,0a5a5081-fd10-413f-9cec-40207ae0bf29,1.496458,0.000135,0,0.090695,1,0.002309,1.490445
2025-06-05T06:16:22.103765,eaee6bd9-fc8f-4e39-805e-c71e3a9b653c,1.608650,0.000579,0,0.075787,1,0.000723,1.567420
2025-06-05T06:16:23.936914,e086cf99-ead1-4334-8eb9-74d779762149,1.679026,0.000150,0,0.131695,1,0.001134,1.401771
2025-06-05T06:16:25.721967,1b6f595b-9bdd-4bde-8a4f-b37dd92384e2,1.594238,0.000076,0,0.065237,1,0.002132,1.467884
2025-06-05T06:16:27.443397,6bede6f2-586b-4d39-a748-5a442367744a,1.589416,0.000084,0,0.097207,1,0.000833,1.480424
2025-06-05T06:16:29.290040,f895fcc4-cad4-4fb7-974d-02aa444078c3,1.683247,0.000097,0,0.100239,1,0.000957,1.495076
2025-06-05T06:16:31.020366,3952b266-bd06-45a8-b332-04768fd00ca0,1.570153,0.000109,0,0.193019,1,0.001276,1.576991
2025-06-05T06:16:32.812387,faff5ae8-a6ff-432a-884f-6481bb3e8f26,1.610987,0.003466,0,0.107573,1,0.001257,1.401175
2025-06-05T06:16:34.611459,c4eeb8a7-acc9-4f83-b305-dcaa05c029c9,1.636253,0.000331,0,0.180407,1,0.000487,1.564404
2025-06-05T06:16:36.417242,a6ba4f49-5154-47dd-bd44-3835f539339d,1.620673,0.001470,0,0.163259,1,0.002689,1.457495
2025-06-05T06:16:38.224451,23ca6f2f-091f-4ec2-8e3c-819e5eccb42b,1.630248,0.002110,0,0.088650,1,0.001152,1.494093
2025-06-05T06:16:40.031772,769fa57e-6d0b-417c-9381-ec0928bb92ed,1.622645,0.000128,0,0.082899,1,0.000346,1.468054
2025-06-05T06:16:41.905082,16a74782-6f2c-4b95-9443-76b2a5c7ab72,1.701582,0.000080,0,0.101117,1,0.000738,1.683410
2025-06-05T06:16:43.635498,aef2d4c1-fc88-473b-998f-ea43e14007f3,1.574404,0.000145,0,0.083699,1,0.041738,1.575682
2025-06-05T06:16:45.343571,9d478bcd-f75e-47dd-abcd-e26ebf8992b7,1.531171,0.000072,0,0.072725,1,0.053296,1.481433
2025-06-05T06:16:47.130202,36dc0992-c082-495c-ac96-773d9a83409c,1.594315,0.000082,0,0.086442,1,0.001510,1.430459
2025-06-05T06:16:48.922923,fe2203ce-4b65-4b22-962b-6e8be506ad97,1.612288,0.000097,0,0.056929,1,0.002591,1.488420
2025-06-05T06:16:50.625401,9207b7f5-7770-4b4c-9554-df74366bb6fa,1.572438,0.000166,0,0.082001,1,0.000445,1.481301
2025-06-05T06:16:52.408970,f0bcc797-0bbf-4408-a5b6-3bf72aa8207d,1.634408,0.000082,0,0.063094,1,0.001092,1.529705
2025-06-05T06:16:54.227691,a6cfb11a-72fd-4531-bf66-4c4359c0da22,1.677665,0.000075,0,0.072281,1,0.001094,1.397853
2025-06-05T06:16:56.025262,41bf2314-92e4-4230-95f2-baca24a20c8d,1.624432,0.000328,0,0.150557,1,0.002535,1.439409
2025-06-05T06:16:57.814656,d458b004-957b-4b8c-a874-999cc3bc9477,1.637402,0.000121,0,0.161711,1,0.001079,1.558095
2025-06-05T06:16:59.601860,948e45ef-1339-4e77-a654-87b0db2244b2,1.593528,0.000208,0,0.195257,1,0.000980,1.501830
2025-06-05T06:17:01.419524,63a0e6a6-851b-4099-88fc-0892a407bdcd,1.572625,0.000115,0,0.180053,1,0.000404,1.509854
2025-06-05T06:17:03.137069,6b123932-1f74-45a2-9d9e-baa0fa88557e,1.547195,0.000057,0,0.087042,1,0.004306,1.549213
2025-06-05T06:17:04.913192,f9bf01fb-4e8f-4b36-b71a-2fcc8dac42e8,1.587149,0.000176,0,0.075652,1,0.001689,1.424780
2025-06-05T06:17:06.698959,07fe2cfd-bffd-4d0e-9a7d-baed92087664,1.623117,0.002958,0,0.083549,1,0.000354,1.480419
2025-06-05T06:17:08.389033,37c022d3-8be2-4e6c-91bc-d57449f77e58,1.540391,0.003973,0,0.085221,1,0.000792,1.471630
2025-06-05T06:17:10.116675,ccc3aed2-8bcd-41dc-81d9-e21b9ef51183,1.574547,0.000203,0,0.086692,1,0.000412,1.470777
2025-06-05T06:17:11.898295,49c699bd-9970-4455-ab75-b38bf9606647,1.639105,0.003634,0,0.089445,1,0.001485,1.463412
2025-06-05T06:17:13.638594,66570f7a-e8b7-4da9-af38-526f276fec0e,1.581116,0.000123,0,0.098683,1,0.000436,1.471106
2025-06-05T06:17:15.423419,9e9c67c4-def4-4732-89ca-c167e8e1dee8,1.617476,0.003593,0,0.094242,1,0.000458,1.517411
2025-06-05T06:17:17.231451,342b8edc-0b86-4612-a4ab-bc041b1e8303,1.668168,0.001129,0,0.083590,1,0.000447,1.439419
2025-06-05T06:17:18.923854,724009ae-7c66-450f-aa00-c11fd2706d92,1.512692,0.003130,0,0.097127,1,0.000522,1.459952
2025-06-05T06:17:20.602291,5584c402-76d2-421c-8263-758920de0b20,1.504742,0.000170,0,0.103056,1,0.000454,1.430554
2025-06-05T06:17:22.339252,073da384-6000-492b-8d9d-ef5665a7aa86,1.528012,0.000164,0,0.108728,1,0.000362,1.483697
2025-06-05T06:17:24.021124,fa6c2a13-2a72-4f1c-9336-1006ed41e138,1.487575,0.000226,0,0.060266,1,0.000451,1.461486
2025-06-05T06:17:25.642152,c5985318-2221-4f8e-976c-247f4c7a254f,1.477198,0.000070,0,0.121912,1,0.000476,1.463577
2025-06-05T06:17:27.462843,2d2d4521-8bd3-450a-a1be-3db3f94744b3,1.598943,0.000145,0,0.094859,1,0.000568,1.433893
2025-06-05T06:17:29.115144,540da4d5-5564-4cb3-a8e5-e61cc4585a62,1.479224,0.000083,0,0.100010,1,0.003099,1.539969
2025-06-05T06:17:30.934999,28a8962b-cadc-4806-945c-33b8e4b06058,1.611687,0.000466,0,0.081812,1,0.001453,1.447023
2025-06-05T06:17:32.629554,e3f45dec-effe-4ecb-a7c6-03bb14dc08af,1.505661,0.000957,0,0.098569,1,0.000772,1.543425
2025-06-05T06:17:34.332501,88922db0-a2db-4f4a-9e08-63f3f7c79b7d,1.505206,0.000085,0,0.098249,1,0.000601,1.403220
2025-06-05T06:17:36.072550,c0bf7989-02f2-4aa7-b2cf-6189b2fa65ed,1.518706,0.005373,0,0.136306,1,0.000585,1.465987
2025-06-05T06:17:37.784961,498cf658-877e-42f3-9671-382a2eeb252f,1.465097,0.000790,0,0.094583,1,0.000314,1.365899
